loan_id,gender,married,dependents,education,self_employed,applicantincome,coapplicantincome,loanamount,loan_amount_term,property_area,credit_score,loan_status
LP001002,Male,No,0,Graduate,No,5849,0.0,,360.0,Urban,702,Y
LP001003,Male,Yes,1,Graduate,No,4583,1508.0,128.0,360.0,Rural,570,N
LP001005,Male,Yes,0,Graduate,Yes,3000,0.0,66.0,360.0,Urban,706,Y
LP001006,Male,Yes,0,Not Graduate,No,2583,2358.0,120.0,360.0,Urban,671,Y
LP001008,Male,No,0,Graduate,No,6000,0.0,141.0,360.0,Urban,788,Y
LP001011,Male,Yes,2,Graduate,Yes,5417,4196.0,267.0,360.0,Urban,620,Y
LP001013,Male,Yes,0,Not Graduate,No,2333,1516.0,95.0,360.0,Urban,702,Y
LP001014,Male,Yes,3+,Graduate,No,3036,2504.0,158.0,360.0,Semiurban,421,N
LP001018,Male,Yes,2,Graduate,No,4006,1526.0,168.0,360.0,Urban,810,Y
LP001020,Male,Yes,1,Graduate,No,12841,10968.0,349.0,360.0,Semiurban,514,N
LP001024,Male,Yes,2,Graduate,No,3200,700.0,70.0,360.0,Urban,674,Y
LP001027,Male,Yes,2,Graduate,,2500,1840.0,109.0,360.0,Urban,802,Y
LP001028,Male,Yes,2,Graduate,No,3073,8106.0,200.0,360.0,Urban,687,Y
LP001029,Male,No,0,Graduate,No,1853,2840.0,114.0,360.0,Rural,399,N
LP001030,Male,Yes,2,Graduate,No,1299,1086.0,17.0,120.0,Urban,703,Y
LP001032,Male,No,0,Graduate,No,4950,0.0,125.0,360.0,Urban,751,Y
LP001034,Male,No,1,Not Graduate,No,3596,0.0,100.0,240.0,Urban,730,Y
LP001036,Female,No,0,Graduate,No,3510,0.0,76.0,360.0,Urban,449,N
LP001038,Male,Yes,0,Not Graduate,No,4887,0.0,133.0,360.0,Rural,557,N
LP001041,Male,Yes,0,Graduate,,2600,3500.0,115.0,,Urban,687,Y
LP001043,Male,Yes,0,Not Graduate,No,7660,0.0,104.0,360.0,Urban,593,N
LP001046,Male,Yes,1,Graduate,No,5955,5625.0,315.0,360.0,Urban,729,Y
LP001047,Male,Yes,0,Not Graduate,No,2600,1911.0,116.0,360.0,Semiurban,491,N
LP001050,,Yes,2,Not Graduate,No,3365,1917.0,112.0,360.0,Rural,576,N
LP001052,Male,Yes,1,Graduate,,3717,2925.0,151.0,360.0,Semiurban,460,N
LP001066,Male,Yes,0,Graduate,Yes,9560,0.0,191.0,360.0,Semiurban,803,Y
LP001068,Male,Yes,0,Graduate,No,2799,2253.0,122.0,360.0,Semiurban,657,Y
LP001073,Male,Yes,2,Not Graduate,No,4226,1040.0,110.0,360.0,Urban,621,Y
LP001086,Male,No,0,Not Graduate,No,1442,0.0,35.0,360.0,Urban,552,N
LP001087,Female,No,2,Graduate,,3750,2083.0,120.0,360.0,Semiurban,835,Y
LP001091,Male,Yes,1,Graduate,,4166,3369.0,201.0,360.0,Urban,348,N
LP001095,Male,No,0,Graduate,No,3167,0.0,74.0,360.0,Urban,358,N
LP001097,Male,No,1,Graduate,Yes,4692,0.0,106.0,360.0,Rural,469,N
LP001098,Male,Yes,0,Graduate,No,3500,1667.0,114.0,360.0,Semiurban,819,Y
LP001100,Male,No,3+,Graduate,No,12500,3000.0,320.0,360.0,Rural,487,N
LP001106,Male,Yes,0,Graduate,No,2275,2067.0,,360.0,Urban,807,Y
LP001109,Male,Yes,0,Graduate,No,1828,1330.0,100.0,,Urban,570,N
LP001112,Female,Yes,0,Graduate,No,3667,1459.0,144.0,360.0,Semiurban,789,Y
LP001114,Male,No,0,Graduate,No,4166,7210.0,184.0,360.0,Urban,789,Y
LP001116,Male,No,0,Not Graduate,No,3748,1668.0,110.0,360.0,Semiurban,774,Y
LP001119,Male,No,0,Graduate,No,3600,0.0,80.0,360.0,Urban,350,N
LP001120,Male,No,0,Graduate,No,1800,1213.0,47.0,360.0,Urban,707,Y
LP001123,Male,Yes,0,Graduate,No,2400,0.0,75.0,360.0,Urban,654,Y
LP001131,Male,Yes,0,Graduate,No,3941,2336.0,134.0,360.0,Semiurban,843,Y
LP001136,Male,Yes,0,Not Graduate,Yes,4695,0.0,96.0,,Urban,663,Y
LP001137,Female,No,0,Graduate,No,3410,0.0,88.0,,Urban,848,Y
LP001138,Male,Yes,1,Graduate,No,5649,0.0,44.0,360.0,Urban,730,Y
LP001144,Male,Yes,0,Graduate,No,5821,0.0,144.0,360.0,Urban,828,Y
LP001146,Female,Yes,0,Graduate,No,2645,3440.0,120.0,360.0,Urban,434,N
LP001151,Female,No,0,Graduate,No,4000,2275.0,144.0,360.0,Semiurban,620,Y
LP001155,Female,Yes,0,Not Graduate,No,1928,1644.0,100.0,360.0,Semiurban,672,Y
LP001157,Female,No,0,Graduate,No,3086,0.0,120.0,360.0,Semiurban,766,Y
LP001164,Female,No,0,Graduate,No,4230,0.0,112.0,360.0,Semiurban,573,N
LP001179,Male,Yes,2,Graduate,No,4616,0.0,134.0,360.0,Urban,388,N
LP001186,Female,Yes,1,Graduate,Yes,11500,0.0,286.0,360.0,Urban,313,N
LP001194,Male,Yes,2,Graduate,No,2708,1167.0,97.0,360.0,Semiurban,841,Y
LP001195,Male,Yes,0,Graduate,No,2132,1591.0,96.0,360.0,Semiurban,849,Y
LP001197,Male,Yes,0,Graduate,No,3366,2200.0,135.0,360.0,Rural,564,N
LP001198,Male,Yes,1,Graduate,No,8080,2250.0,180.0,360.0,Urban,689,Y
LP001199,Male,Yes,2,Not Graduate,No,3357,2859.0,144.0,360.0,Urban,652,Y
LP001205,Male,Yes,0,Graduate,No,2500,3796.0,120.0,360.0,Urban,729,Y
LP001206,Male,Yes,3+,Graduate,No,3029,0.0,99.0,360.0,Urban,683,Y
LP001207,Male,Yes,0,Not Graduate,Yes,2609,3449.0,165.0,180.0,Rural,391,N
LP001213,Male,Yes,1,Graduate,No,4945,0.0,,360.0,Rural,563,N
LP001222,Female,No,0,Graduate,No,4166,0.0,116.0,360.0,Semiurban,334,N
LP001225,Male,Yes,0,Graduate,No,5726,4595.0,258.0,360.0,Semiurban,505,N
LP001228,Male,No,0,Not Graduate,No,3200,2254.0,126.0,180.0,Urban,380,N
LP001233,Male,Yes,1,Graduate,No,10750,0.0,312.0,360.0,Urban,763,Y
LP001238,Male,Yes,3+,Not Graduate,Yes,7100,0.0,125.0,60.0,Urban,649,Y
LP001241,Female,No,0,Graduate,No,4300,0.0,136.0,360.0,Semiurban,301,N
LP001243,Male,Yes,0,Graduate,No,3208,3066.0,172.0,360.0,Urban,733,Y
LP001245,Male,Yes,2,Not Graduate,Yes,1875,1875.0,97.0,360.0,Semiurban,653,Y
LP001248,Male,No,0,Graduate,No,3500,0.0,81.0,300.0,Semiurban,705,Y
LP001250,Male,Yes,3+,Not Graduate,No,4755,0.0,95.0,,Semiurban,559,N
LP001253,Male,Yes,3+,Graduate,Yes,5266,1774.0,187.0,360.0,Semiurban,653,Y
LP001255,Male,No,0,Graduate,No,3750,0.0,113.0,480.0,Urban,490,N
LP001256,Male,No,0,Graduate,No,3750,4750.0,176.0,360.0,Urban,517,N
LP001259,Male,Yes,1,Graduate,Yes,1000,3022.0,110.0,360.0,Urban,343,N
LP001263,Male,Yes,3+,Graduate,No,3167,4000.0,180.0,300.0,Semiurban,461,N
LP001264,Male,Yes,3+,Not Graduate,Yes,3333,2166.0,130.0,360.0,Semiurban,801,Y
LP001265,Female,No,0,Graduate,No,3846,0.0,111.0,360.0,Semiurban,789,Y
LP001266,Male,Yes,1,Graduate,Yes,2395,0.0,,360.0,Semiurban,827,Y
LP001267,Female,Yes,2,Graduate,No,1378,1881.0,167.0,360.0,Urban,569,N
LP001273,Male,Yes,0,Graduate,No,6000,2250.0,265.0,360.0,Semiurban,570,N
LP001275,Male,Yes,1,Graduate,No,3988,0.0,50.0,240.0,Urban,799,Y
LP001279,Male,No,0,Graduate,No,2366,2531.0,136.0,360.0,Semiurban,805,Y
LP001280,Male,Yes,2,Not Graduate,No,3333,2000.0,99.0,360.0,Semiurban,814,Y
LP001282,Male,Yes,0,Graduate,No,2500,2118.0,104.0,360.0,Semiurban,848,Y
LP001289,Male,No,0,Graduate,No,8566,0.0,210.0,360.0,Urban,789,Y
LP001310,Male,Yes,0,Graduate,No,5695,4167.0,175.0,360.0,Semiurban,639,Y
LP001316,Male,Yes,0,Graduate,No,2958,2900.0,131.0,360.0,Semiurban,812,Y
LP001318,Male,Yes,2,Graduate,No,6250,5654.0,188.0,180.0,Semiurban,807,Y
LP001319,Male,Yes,2,Not Graduate,No,3273,1820.0,81.0,360.0,Urban,836,Y
LP001322,Male,No,0,Graduate,No,4133,0.0,122.0,360.0,Semiurban,681,Y
LP001325,Male,No,0,Not Graduate,No,3620,0.0,25.0,120.0,Semiurban,710,Y
LP001326,Male,No,0,Graduate,,6782,0.0,,360.0,Urban,352,N
LP001327,Female,Yes,0,Graduate,No,2484,2302.0,137.0,360.0,Semiurban,623,Y
LP001333,Male,Yes,0,Graduate,No,1977,997.0,50.0,360.0,Semiurban,753,Y
LP001334,Male,Yes,0,Not Graduate,No,4188,0.0,115.0,180.0,Semiurban,816,Y
LP001343,Male,Yes,0,Graduate,No,1759,3541.0,131.0,360.0,Semiurban,787,Y
LP001345,Male,Yes,2,Not Graduate,No,4288,3263.0,133.0,180.0,Urban,723,Y
LP001349,Male,No,0,Graduate,No,4843,3806.0,151.0,360.0,Semiurban,836,Y
LP001350,Male,Yes,,Graduate,No,13650,0.0,,360.0,Urban,640,Y
LP001356,Male,Yes,0,Graduate,No,4652,3583.0,,360.0,Semiurban,756,Y
LP001357,Male,,,Graduate,No,3816,754.0,160.0,360.0,Urban,614,Y
LP001367,Male,Yes,1,Graduate,No,3052,1030.0,100.0,360.0,Urban,644,Y
LP001369,Male,Yes,2,Graduate,No,11417,1126.0,225.0,360.0,Urban,664,Y
LP001370,Male,No,0,Not Graduate,,7333,0.0,120.0,360.0,Rural,308,N
LP001379,Male,Yes,2,Graduate,No,3800,3600.0,216.0,360.0,Urban,428,N
LP001384,Male,Yes,3+,Not Graduate,No,2071,754.0,94.0,480.0,Semiurban,835,Y
LP001385,Male,No,0,Graduate,No,5316,0.0,136.0,360.0,Urban,735,Y
LP001387,Female,Yes,0,Graduate,,2929,2333.0,139.0,360.0,Semiurban,815,Y
LP001391,Male,Yes,0,Not Graduate,No,3572,4114.0,152.0,,Rural,362,N
LP001392,Female,No,1,Graduate,Yes,7451,0.0,,360.0,Semiurban,738,Y
LP001398,Male,No,0,Graduate,,5050,0.0,118.0,360.0,Semiurban,842,Y
LP001401,Male,Yes,1,Graduate,No,14583,0.0,185.0,180.0,Rural,680,Y
LP001404,Female,Yes,0,Graduate,No,3167,2283.0,154.0,360.0,Semiurban,735,Y
LP001405,Male,Yes,1,Graduate,No,2214,1398.0,85.0,360.0,Urban,762,Y
LP001421,Male,Yes,0,Graduate,No,5568,2142.0,175.0,360.0,Rural,588,N
LP001422,Female,No,0,Graduate,No,10408,0.0,259.0,360.0,Urban,722,Y
LP001426,Male,Yes,,Graduate,No,5667,2667.0,180.0,360.0,Rural,604,Y
LP001430,Female,No,0,Graduate,No,4166,0.0,44.0,360.0,Semiurban,833,Y
LP001431,Female,No,0,Graduate,No,2137,8980.0,137.0,360.0,Semiurban,830,Y
LP001432,Male,Yes,2,Graduate,No,2957,0.0,81.0,360.0,Semiurban,849,Y
LP001439,Male,Yes,0,Not Graduate,No,4300,2014.0,194.0,360.0,Rural,640,Y
LP001443,Female,No,0,Graduate,No,3692,0.0,93.0,360.0,Rural,627,Y
LP001448,,Yes,3+,Graduate,No,23803,0.0,370.0,360.0,Rural,734,Y
LP001449,Male,No,0,Graduate,No,3865,1640.0,,360.0,Rural,800,Y
LP001451,Male,Yes,1,Graduate,Yes,10513,3850.0,160.0,180.0,Urban,567,N
LP001465,Male,Yes,0,Graduate,No,6080,2569.0,182.0,360.0,Rural,332,N
LP001469,Male,No,0,Graduate,Yes,20166,0.0,650.0,480.0,Urban,647,Y
LP001473,Male,No,0,Graduate,No,2014,1929.0,74.0,360.0,Urban,846,Y
LP001478,Male,No,0,Graduate,No,2718,0.0,70.0,360.0,Semiurban,750,Y
LP001482,Male,Yes,0,Graduate,Yes,3459,0.0,25.0,120.0,Semiurban,661,Y
LP001487,Male,No,0,Graduate,No,4895,0.0,102.0,360.0,Semiurban,815,Y
LP001488,Male,Yes,3+,Graduate,No,4000,7750.0,290.0,360.0,Semiurban,592,N
LP001489,Female,Yes,0,Graduate,No,4583,0.0,84.0,360.0,Rural,398,N
LP001491,Male,Yes,2,Graduate,Yes,3316,3500.0,88.0,360.0,Urban,771,Y
LP001492,Male,No,0,Graduate,No,14999,0.0,242.0,360.0,Semiurban,513,N
LP001493,Male,Yes,2,Not Graduate,No,4200,1430.0,129.0,360.0,Rural,334,N
LP001497,Male,Yes,2,Graduate,No,5042,2083.0,185.0,360.0,Rural,526,N
LP001498,Male,No,0,Graduate,No,5417,0.0,168.0,360.0,Urban,700,Y
LP001504,Male,No,0,Graduate,Yes,6950,0.0,175.0,180.0,Semiurban,774,Y
LP001507,Male,Yes,0,Graduate,No,2698,2034.0,122.0,360.0,Semiurban,805,Y
LP001508,Male,Yes,2,Graduate,No,11757,0.0,187.0,180.0,Urban,730,Y
LP001514,Female,Yes,0,Graduate,No,2330,4486.0,100.0,360.0,Semiurban,600,Y
LP001516,Female,Yes,2,Graduate,No,14866,0.0,70.0,360.0,Urban,604,Y
LP001518,Male,Yes,1,Graduate,No,1538,1425.0,30.0,360.0,Urban,817,Y
LP001519,Female,No,0,Graduate,No,10000,1666.0,225.0,360.0,Rural,554,N
LP001520,Male,Yes,0,Graduate,No,4860,830.0,125.0,360.0,Semiurban,741,Y
LP001528,Male,No,0,Graduate,No,6277,0.0,118.0,360.0,Rural,582,N
LP001529,Male,Yes,0,Graduate,Yes,2577,3750.0,152.0,360.0,Rural,736,Y
LP001531,Male,No,0,Graduate,No,9166,0.0,244.0,360.0,Urban,506,N
LP001532,Male,Yes,2,Not Graduate,No,2281,0.0,113.0,360.0,Rural,314,N
LP001535,Male,No,0,Graduate,No,3254,0.0,50.0,360.0,Urban,689,Y
LP001536,Male,Yes,3+,Graduate,No,39999,0.0,600.0,180.0,Semiurban,641,Y
LP001541,Male,Yes,1,Graduate,No,6000,0.0,160.0,360.0,Rural,723,Y
LP001543,Male,Yes,1,Graduate,No,9538,0.0,187.0,360.0,Urban,804,Y
LP001546,Male,No,0,Graduate,,2980,2083.0,120.0,360.0,Rural,778,Y
LP001552,Male,Yes,0,Graduate,No,4583,5625.0,255.0,360.0,Semiurban,662,Y
LP001560,Male,Yes,0,Not Graduate,No,1863,1041.0,98.0,360.0,Semiurban,695,Y
LP001562,Male,Yes,0,Graduate,No,7933,0.0,275.0,360.0,Urban,530,N
LP001565,Male,Yes,1,Graduate,No,3089,1280.0,121.0,360.0,Semiurban,540,N
LP001570,Male,Yes,2,Graduate,No,4167,1447.0,158.0,360.0,Rural,651,Y
LP001572,Male,Yes,0,Graduate,No,9323,0.0,75.0,180.0,Urban,695,Y
LP001574,Male,Yes,0,Graduate,No,3707,3166.0,182.0,,Rural,731,Y
LP001577,Female,Yes,0,Graduate,No,4583,0.0,112.0,360.0,Rural,521,N
LP001578,Male,Yes,0,Graduate,No,2439,3333.0,129.0,360.0,Rural,828,Y
LP001579,Male,No,0,Graduate,No,2237,0.0,63.0,480.0,Semiurban,530,N
LP001580,Male,Yes,2,Graduate,No,8000,0.0,200.0,360.0,Semiurban,836,Y
LP001581,Male,Yes,0,Not Graduate,,1820,1769.0,95.0,360.0,Rural,742,Y
LP001585,,Yes,3+,Graduate,No,51763,0.0,700.0,300.0,Urban,770,Y
LP001586,Male,Yes,3+,Not Graduate,No,3522,0.0,81.0,180.0,Rural,328,N
LP001594,Male,Yes,0,Graduate,No,5708,5625.0,187.0,360.0,Semiurban,635,Y
LP001603,Male,Yes,0,Not Graduate,Yes,4344,736.0,87.0,360.0,Semiurban,312,N
LP001606,Male,Yes,0,Graduate,No,3497,1964.0,116.0,360.0,Rural,759,Y
LP001608,Male,Yes,2,Graduate,No,2045,1619.0,101.0,360.0,Rural,670,Y
LP001610,Male,Yes,3+,Graduate,No,5516,11300.0,495.0,360.0,Semiurban,486,N
LP001616,Male,Yes,1,Graduate,No,3750,0.0,116.0,360.0,Semiurban,842,Y
LP001630,Male,No,0,Not Graduate,No,2333,1451.0,102.0,480.0,Urban,385,N
LP001633,Male,Yes,1,Graduate,No,6400,7250.0,180.0,360.0,Urban,583,N
LP001634,Male,No,0,Graduate,No,1916,5063.0,67.0,360.0,Rural,365,N
LP001636,Male,Yes,0,Graduate,No,4600,0.0,73.0,180.0,Semiurban,769,Y
LP001637,Male,Yes,1,Graduate,No,33846,0.0,260.0,360.0,Semiurban,344,N
LP001639,Female,Yes,0,Graduate,No,3625,0.0,108.0,360.0,Semiurban,661,Y
LP001640,Male,Yes,0,Graduate,Yes,39147,4750.0,120.0,360.0,Semiurban,784,Y
LP001641,Male,Yes,1,Graduate,Yes,2178,0.0,66.0,300.0,Rural,433,N
LP001643,Male,Yes,0,Graduate,No,2383,2138.0,58.0,360.0,Rural,627,Y
LP001644,,Yes,0,Graduate,Yes,674,5296.0,168.0,360.0,Rural,627,Y
LP001647,Male,Yes,0,Graduate,No,9328,0.0,188.0,180.0,Rural,707,Y
LP001653,Male,No,0,Not Graduate,No,4885,0.0,48.0,360.0,Rural,643,Y
LP001656,Male,No,0,Graduate,No,12000,0.0,164.0,360.0,Semiurban,585,N
LP001657,Male,Yes,0,Not Graduate,No,6033,0.0,160.0,360.0,Urban,427,N
LP001658,Male,No,0,Graduate,No,3858,0.0,76.0,360.0,Semiurban,849,Y
LP001664,Male,No,0,Graduate,No,4191,0.0,120.0,360.0,Rural,846,Y
LP001665,Male,Yes,1,Graduate,No,3125,2583.0,170.0,360.0,Semiurban,530,N
LP001666,Male,No,0,Graduate,No,8333,3750.0,187.0,360.0,Rural,789,Y
LP001669,Female,No,0,Not Graduate,No,1907,2365.0,120.0,,Urban,824,Y
LP001671,Female,Yes,0,Graduate,No,3416,2816.0,113.0,360.0,Semiurban,728,Y
LP001673,Male,No,0,Graduate,Yes,11000,0.0,83.0,360.0,Urban,582,N
LP001674,Male,Yes,1,Not Graduate,No,2600,2500.0,90.0,360.0,Semiurban,789,Y
LP001677,Male,No,2,Graduate,No,4923,0.0,166.0,360.0,Semiurban,720,Y
LP001682,Male,Yes,3+,Not Graduate,No,3992,0.0,,180.0,Urban,415,N
LP001688,Male,Yes,1,Not Graduate,No,3500,1083.0,135.0,360.0,Urban,804,Y
LP001691,Male,Yes,2,Not Graduate,No,3917,0.0,124.0,360.0,Semiurban,832,Y
LP001692,Female,No,0,Not Graduate,No,4408,0.0,120.0,360.0,Semiurban,602,Y
LP001693,Female,No,0,Graduate,No,3244,0.0,80.0,360.0,Urban,702,Y
LP001698,Male,No,0,Not Graduate,No,3975,2531.0,55.0,360.0,Rural,797,Y
LP001699,Male,No,0,Graduate,No,2479,0.0,59.0,360.0,Urban,799,Y
LP001702,Male,No,0,Graduate,No,3418,0.0,127.0,360.0,Semiurban,436,N
LP001708,Female,No,0,Graduate,No,10000,0.0,214.0,360.0,Semiurban,464,N
LP001711,Male,Yes,3+,Graduate,No,3430,1250.0,128.0,360.0,Semiurban,524,N
LP001713,Male,Yes,1,Graduate,Yes,7787,0.0,240.0,360.0,Urban,650,Y
LP001715,Male,Yes,3+,Not Graduate,Yes,5703,0.0,130.0,360.0,Rural,833,Y
LP001716,Male,Yes,0,Graduate,No,3173,3021.0,137.0,360.0,Urban,771,Y
LP001720,Male,Yes,3+,Not Graduate,No,3850,983.0,100.0,360.0,Semiurban,751,Y
LP001722,Male,Yes,0,Graduate,No,150,1800.0,135.0,360.0,Rural,459,N
LP001726,Male,Yes,0,Graduate,No,3727,1775.0,131.0,360.0,Semiurban,695,Y
LP001732,Male,Yes,2,Graduate,,5000,0.0,72.0,360.0,Semiurban,532,N
LP001734,Female,Yes,2,Graduate,No,4283,2383.0,127.0,360.0,Semiurban,779,Y
LP001736,Male,Yes,0,Graduate,No,2221,0.0,60.0,360.0,Urban,412,N
LP001743,Male,Yes,2,Graduate,No,4009,1717.0,116.0,360.0,Semiurban,661,Y
LP001744,Male,No,0,Graduate,No,2971,2791.0,144.0,360.0,Semiurban,840,Y
LP001749,Male,Yes,0,Graduate,No,7578,1010.0,175.0,,Semiurban,785,Y
LP001750,Male,Yes,0,Graduate,No,6250,0.0,128.0,360.0,Semiurban,651,Y
LP001751,Male,Yes,0,Graduate,No,3250,0.0,170.0,360.0,Rural,567,N
LP001754,Male,Yes,,Not Graduate,Yes,4735,0.0,138.0,360.0,Urban,594,N
LP001758,Male,Yes,2,Graduate,No,6250,1695.0,210.0,360.0,Semiurban,729,Y
LP001760,Male,,,Graduate,No,4758,0.0,158.0,480.0,Semiurban,730,Y
LP001761,Male,No,0,Graduate,Yes,6400,0.0,200.0,360.0,Rural,712,Y
LP001765,Male,Yes,1,Graduate,No,2491,2054.0,104.0,360.0,Semiurban,700,Y
LP001768,Male,Yes,0,Graduate,,3716,0.0,42.0,180.0,Rural,712,Y
LP001770,Male,No,0,Not Graduate,No,3189,2598.0,120.0,,Rural,783,Y
LP001776,Female,No,0,Graduate,No,8333,0.0,280.0,360.0,Semiurban,680,Y
LP001778,Male,Yes,1,Graduate,No,3155,1779.0,140.0,360.0,Semiurban,786,Y
LP001784,Male,Yes,1,Graduate,No,5500,1260.0,170.0,360.0,Rural,712,Y
LP001786,Male,Yes,0,Graduate,,5746,0.0,255.0,360.0,Urban,301,N
LP001788,Female,No,0,Graduate,Yes,3463,0.0,122.0,360.0,Urban,729,Y
LP001790,Female,No,1,Graduate,No,3812,0.0,112.0,360.0,Rural,819,Y
LP001792,Male,Yes,1,Graduate,No,3315,0.0,96.0,360.0,Semiurban,653,Y
LP001798,Male,Yes,2,Graduate,No,5819,5000.0,120.0,360.0,Rural,686,Y
LP001800,Male,Yes,1,Not Graduate,No,2510,1983.0,140.0,180.0,Urban,523,N
LP001806,Male,No,0,Graduate,No,2965,5701.0,155.0,60.0,Urban,824,Y
LP001807,Male,Yes,2,Graduate,Yes,6250,1300.0,108.0,360.0,Rural,728,Y
LP001811,Male,Yes,0,Not Graduate,No,3406,4417.0,123.0,360.0,Semiurban,746,Y
LP001813,Male,No,0,Graduate,Yes,6050,4333.0,120.0,180.0,Urban,425,N
LP001814,Male,Yes,2,Graduate,No,9703,0.0,112.0,360.0,Urban,729,Y
LP001819,Male,Yes,1,Not Graduate,No,6608,0.0,137.0,180.0,Urban,652,Y
LP001824,Male,Yes,1,Graduate,No,2882,1843.0,123.0,480.0,Semiurban,771,Y
LP001825,Male,Yes,0,Graduate,No,1809,1868.0,90.0,360.0,Urban,817,Y
LP001835,Male,Yes,0,Not Graduate,No,1668,3890.0,201.0,360.0,Semiurban,459,N
LP001836,Female,No,2,Graduate,No,3427,0.0,138.0,360.0,Urban,497,N
LP001841,Male,No,0,Not Graduate,Yes,2583,2167.0,104.0,360.0,Rural,759,Y
LP001843,Male,Yes,1,Not Graduate,No,2661,7101.0,279.0,180.0,Semiurban,846,Y
LP001844,Male,No,0,Graduate,Yes,16250,0.0,192.0,360.0,Urban,502,N
LP001846,Female,No,3+,Graduate,No,3083,0.0,255.0,360.0,Rural,783,Y
LP001849,Male,No,0,Not Graduate,No,6045,0.0,115.0,360.0,Rural,422,N
LP001854,Male,Yes,3+,Graduate,No,5250,0.0,94.0,360.0,Urban,554,N
LP001859,Male,Yes,0,Graduate,No,14683,2100.0,304.0,360.0,Rural,593,N
LP001864,Male,Yes,3+,Not Graduate,No,4931,0.0,128.0,360.0,Semiurban,579,N
LP001865,Male,Yes,1,Graduate,No,6083,4250.0,330.0,360.0,Urban,668,Y
LP001868,Male,No,0,Graduate,No,2060,2209.0,134.0,360.0,Semiurban,715,Y
LP001870,Female,No,1,Graduate,No,3481,0.0,155.0,36.0,Semiurban,397,N
LP001871,Female,No,0,Graduate,No,7200,0.0,120.0,360.0,Rural,797,Y
LP001872,Male,No,0,Graduate,Yes,5166,0.0,128.0,360.0,Semiurban,813,Y
LP001875,Male,No,0,Graduate,No,4095,3447.0,151.0,360.0,Rural,738,Y
LP001877,Male,Yes,2,Graduate,No,4708,1387.0,150.0,360.0,Semiurban,839,Y
LP001882,Male,Yes,3+,Graduate,No,4333,1811.0,160.0,360.0,Urban,743,Y
LP001883,Female,No,0,Graduate,,3418,0.0,135.0,360.0,Rural,396,N
LP001884,Female,No,1,Graduate,No,2876,1560.0,90.0,360.0,Urban,800,Y
LP001888,Female,No,0,Graduate,No,3237,0.0,30.0,360.0,Urban,723,Y
LP001891,Male,Yes,0,Graduate,No,11146,0.0,136.0,360.0,Urban,786,Y
LP001892,Male,No,0,Graduate,No,2833,1857.0,126.0,360.0,Rural,669,Y
LP001894,Male,Yes,0,Graduate,No,2620,2223.0,150.0,360.0,Semiurban,807,Y
LP001896,Male,Yes,2,Graduate,No,3900,0.0,90.0,360.0,Semiurban,692,Y
LP001900,Male,Yes,1,Graduate,No,2750,1842.0,115.0,360.0,Semiurban,602,Y
LP001903,Male,Yes,0,Graduate,No,3993,3274.0,207.0,360.0,Semiurban,747,Y
LP001904,Male,Yes,0,Graduate,No,3103,1300.0,80.0,360.0,Urban,786,Y
LP001907,Male,Yes,0,Graduate,No,14583,0.0,436.0,360.0,Semiurban,763,Y
LP001908,Female,Yes,0,Not Graduate,No,4100,0.0,124.0,360.0,Rural,746,Y
LP001910,Male,No,1,Not Graduate,Yes,4053,2426.0,158.0,360.0,Urban,446,N
LP001914,Male,Yes,0,Graduate,No,3927,800.0,112.0,360.0,Semiurban,747,Y
LP001915,Male,Yes,2,Graduate,No,2301,985.7999878,78.0,180.0,Urban,695,Y
LP001917,Female,No,0,Graduate,No,1811,1666.0,54.0,360.0,Urban,798,Y
LP001922,Male,Yes,0,Graduate,No,20667,0.0,,360.0,Rural,427,N
LP001924,Male,No,0,Graduate,No,3158,3053.0,89.0,360.0,Rural,638,Y
LP001925,Female,No,0,Graduate,Yes,2600,1717.0,99.0,300.0,Semiurban,428,N
LP001926,Male,Yes,0,Graduate,No,3704,2000.0,120.0,360.0,Rural,610,Y
LP001931,Female,No,0,Graduate,No,4124,0.0,115.0,360.0,Semiurban,819,Y
LP001935,Male,No,0,Graduate,No,9508,0.0,187.0,360.0,Rural,784,Y
LP001936,Male,Yes,0,Graduate,No,3075,2416.0,139.0,360.0,Rural,816,Y
LP001938,Male,Yes,2,Graduate,No,4400,0.0,127.0,360.0,Semiurban,450,N
LP001940,Male,Yes,2,Graduate,No,3153,1560.0,134.0,360.0,Urban,758,Y
LP001945,Female,No,,Graduate,No,5417,0.0,143.0,480.0,Urban,597,N
LP001947,Male,Yes,0,Graduate,No,2383,3334.0,172.0,360.0,Semiurban,698,Y
LP001949,Male,Yes,3+,Graduate,,4416,1250.0,110.0,360.0,Urban,606,Y
LP001953,Male,Yes,1,Graduate,No,6875,0.0,200.0,360.0,Semiurban,743,Y
LP001954,Female,Yes,1,Graduate,No,4666,0.0,135.0,360.0,Urban,689,Y
LP001955,Female,No,0,Graduate,No,5000,2541.0,151.0,480.0,Rural,411,N
LP001963,Male,Yes,1,Graduate,No,2014,2925.0,113.0,360.0,Urban,359,N
LP001964,Male,Yes,0,Not Graduate,No,1800,2934.0,93.0,360.0,Urban,301,N
LP001972,Male,Yes,,Not Graduate,No,2875,1750.0,105.0,360.0,Semiurban,728,Y
LP001974,Female,No,0,Graduate,No,5000,0.0,132.0,360.0,Rural,647,Y
LP001977,Male,Yes,1,Graduate,No,1625,1803.0,96.0,360.0,Urban,739,Y
LP001978,Male,No,0,Graduate,No,4000,2500.0,140.0,360.0,Rural,796,Y
LP001990,Male,No,0,Not Graduate,No,2000,0.0,,360.0,Urban,336,N
LP001993,Female,No,0,Graduate,No,3762,1666.0,135.0,360.0,Rural,759,Y
LP001994,Female,No,0,Graduate,No,2400,1863.0,104.0,360.0,Urban,308,N
LP001996,Male,No,0,Graduate,No,20233,0.0,480.0,360.0,Rural,532,N
LP001998,Male,Yes,2,Not Graduate,No,7667,0.0,185.0,360.0,Rural,698,Y
LP002002,Female,No,0,Graduate,No,2917,0.0,84.0,360.0,Semiurban,746,Y
LP002004,Male,No,0,Not Graduate,No,2927,2405.0,111.0,360.0,Semiurban,647,Y
LP002006,Female,No,0,Graduate,No,2507,0.0,56.0,360.0,Rural,807,Y
LP002008,Male,Yes,2,Graduate,Yes,5746,0.0,144.0,84.0,Rural,730,Y
LP002024,,Yes,0,Graduate,No,2473,1843.0,159.0,360.0,Rural,451,N
LP002031,Male,Yes,1,Not Graduate,No,3399,1640.0,111.0,180.0,Urban,653,Y
LP002035,Male,Yes,2,Graduate,No,3717,0.0,120.0,360.0,Semiurban,719,Y
LP002036,Male,Yes,0,Graduate,No,2058,2134.0,88.0,360.0,Urban,760,Y
LP002043,Female,No,1,Graduate,No,3541,0.0,112.0,360.0,Semiurban,751,Y
LP002050,Male,Yes,1,Graduate,Yes,10000,0.0,155.0,360.0,Rural,415,N
LP002051,Male,Yes,0,Graduate,No,2400,2167.0,115.0,360.0,Semiurban,674,Y
LP002053,Male,Yes,3+,Graduate,No,4342,189.0,124.0,360.0,Semiurban,712,Y
LP002054,Male,Yes,2,Not Graduate,No,3601,1590.0,,360.0,Rural,799,Y
LP002055,Female,No,0,Graduate,No,3166,2985.0,132.0,360.0,Rural,763,Y
LP002065,Male,Yes,3+,Graduate,No,15000,0.0,300.0,360.0,Rural,765,Y
LP002067,Male,Yes,1,Graduate,Yes,8666,4983.0,376.0,360.0,Rural,403,N
LP002068,Male,No,0,Graduate,No,4917,0.0,130.0,360.0,Rural,683,Y
LP002082,Male,Yes,0,Graduate,Yes,5818,2160.0,184.0,360.0,Semiurban,826,Y
LP002086,Female,Yes,0,Graduate,No,4333,2451.0,110.0,360.0,Urban,411,N
LP002087,Female,No,0,Graduate,No,2500,0.0,67.0,360.0,Urban,816,Y
LP002097,Male,No,1,Graduate,No,4384,1793.0,117.0,360.0,Urban,698,Y
LP002098,Male,No,0,Graduate,No,2935,0.0,98.0,360.0,Semiurban,752,Y
LP002100,Male,No,,Graduate,No,2833,0.0,71.0,360.0,Urban,692,Y
LP002101,Male,Yes,0,Graduate,,63337,0.0,490.0,180.0,Urban,745,Y
LP002103,,Yes,1,Graduate,Yes,9833,1833.0,182.0,180.0,Urban,727,Y
LP002106,Male,Yes,,Graduate,Yes,5503,4490.0,70.0,,Semiurban,709,Y
LP002110,Male,Yes,1,Graduate,,5250,688.0,160.0,360.0,Rural,681,Y
LP002112,Male,Yes,2,Graduate,Yes,2500,4600.0,176.0,360.0,Rural,793,Y
LP002113,Female,No,3+,Not Graduate,No,1830,0.0,,360.0,Urban,462,N
LP002114,Female,No,0,Graduate,No,4160,0.0,71.0,360.0,Semiurban,807,Y
LP002115,Male,Yes,3+,Not Graduate,No,2647,1587.0,173.0,360.0,Rural,468,N
LP002116,Female,No,0,Graduate,No,2378,0.0,46.0,360.0,Rural,460,N
LP002119,Male,Yes,1,Not Graduate,No,4554,1229.0,158.0,360.0,Urban,667,Y
LP002126,Male,Yes,3+,Not Graduate,No,3173,0.0,74.0,360.0,Semiurban,632,Y
LP002128,Male,Yes,2,Graduate,,2583,2330.0,125.0,360.0,Rural,741,Y
LP002129,Male,Yes,0,Graduate,No,2499,2458.0,160.0,360.0,Semiurban,620,Y
LP002130,Male,Yes,,Not Graduate,No,3523,3230.0,152.0,360.0,Rural,434,N
LP002131,Male,Yes,2,Not Graduate,No,3083,2168.0,126.0,360.0,Urban,794,Y
LP002137,Male,Yes,0,Graduate,No,6333,4583.0,259.0,360.0,Semiurban,744,Y
LP002138,Male,Yes,0,Graduate,No,2625,6250.0,187.0,360.0,Rural,727,Y
LP002139,Male,Yes,0,Graduate,No,9083,0.0,228.0,360.0,Semiurban,632,Y
LP002140,Male,No,0,Graduate,No,8750,4167.0,308.0,360.0,Rural,475,N
LP002141,Male,Yes,3+,Graduate,No,2666,2083.0,95.0,360.0,Rural,803,Y
LP002142,Female,Yes,0,Graduate,Yes,5500,0.0,105.0,360.0,Rural,321,N
LP002143,Female,Yes,0,Graduate,No,2423,505.0,130.0,360.0,Semiurban,837,Y
LP002144,Female,No,,Graduate,No,3813,0.0,116.0,180.0,Urban,757,Y
LP002149,Male,Yes,2,Graduate,No,8333,3167.0,165.0,360.0,Rural,637,Y
LP002151,Male,Yes,1,Graduate,No,3875,0.0,67.0,360.0,Urban,529,N
LP002158,Male,Yes,0,Not Graduate,No,3000,1666.0,100.0,480.0,Urban,350,N
LP002160,Male,Yes,3+,Graduate,No,5167,3167.0,200.0,360.0,Semiurban,781,Y
LP002161,Female,No,1,Graduate,No,4723,0.0,81.0,360.0,Semiurban,563,N
LP002170,Male,Yes,2,Graduate,No,5000,3667.0,236.0,360.0,Semiurban,626,Y
LP002175,Male,Yes,0,Graduate,No,4750,2333.0,130.0,360.0,Urban,626,Y
LP002178,Male,Yes,0,Graduate,No,3013,3033.0,95.0,300.0,Urban,825,Y
LP002180,Male,No,0,Graduate,Yes,6822,0.0,141.0,360.0,Rural,620,Y
LP002181,Male,No,0,Not Graduate,No,6216,0.0,133.0,360.0,Rural,585,N
LP002187,Male,No,0,Graduate,No,2500,0.0,96.0,480.0,Semiurban,396,N
LP002188,Male,No,0,Graduate,No,5124,0.0,124.0,,Rural,583,N
LP002190,Male,Yes,1,Graduate,No,6325,0.0,175.0,360.0,Semiurban,710,Y
LP002191,Male,Yes,0,Graduate,No,19730,5266.0,570.0,360.0,Rural,446,N
LP002194,Female,No,0,Graduate,Yes,15759,0.0,55.0,360.0,Semiurban,603,Y
LP002197,Male,Yes,2,Graduate,No,5185,0.0,155.0,360.0,Semiurban,634,Y
LP002201,Male,Yes,2,Graduate,Yes,9323,7873.0,380.0,300.0,Rural,791,Y
LP002205,Male,No,1,Graduate,No,3062,1987.0,111.0,180.0,Urban,348,N
LP002209,Female,No,0,Graduate,,2764,1459.0,110.0,360.0,Urban,616,Y
LP002211,Male,Yes,0,Graduate,No,4817,923.0,120.0,180.0,Urban,771,Y
LP002219,Male,Yes,3+,Graduate,No,8750,4996.0,130.0,360.0,Rural,819,Y
LP002223,Male,Yes,0,Graduate,No,4310,0.0,130.0,360.0,Semiurban,757,Y
LP002224,Male,No,0,Graduate,No,3069,0.0,71.0,480.0,Urban,345,N
LP002225,Male,Yes,2,Graduate,No,5391,0.0,130.0,360.0,Urban,716,Y
LP002226,Male,Yes,0,Graduate,,3333,2500.0,128.0,360.0,Semiurban,605,Y
LP002229,Male,No,0,Graduate,No,5941,4232.0,296.0,360.0,Semiurban,698,Y
LP002231,Female,No,0,Graduate,No,6000,0.0,156.0,360.0,Urban,723,Y
LP002234,Male,No,0,Graduate,Yes,7167,0.0,128.0,360.0,Urban,832,Y
LP002236,Male,Yes,2,Graduate,No,4566,0.0,100.0,360.0,Urban,336,N
LP002237,Male,No,1,Graduate,,3667,0.0,113.0,180.0,Urban,623,Y
LP002239,Male,No,0,Not Graduate,No,2346,1600.0,132.0,360.0,Semiurban,692,Y
LP002243,Male,Yes,0,Not Graduate,No,3010,3136.0,,360.0,Urban,480,N
LP002244,Male,Yes,0,Graduate,No,2333,2417.0,136.0,360.0,Urban,694,Y
LP002250,Male,Yes,0,Graduate,No,5488,0.0,125.0,360.0,Rural,698,Y
LP002255,Male,No,3+,Graduate,No,9167,0.0,185.0,360.0,Rural,787,Y
LP002262,Male,Yes,3+,Graduate,No,9504,0.0,275.0,360.0,Rural,824,Y
LP002263,Male,Yes,0,Graduate,No,2583,2115.0,120.0,360.0,Urban,715,Y
LP002265,Male,Yes,2,Not Graduate,No,1993,1625.0,113.0,180.0,Semiurban,790,Y
LP002266,Male,Yes,2,Graduate,No,3100,1400.0,113.0,360.0,Urban,812,Y
LP002272,Male,Yes,2,Graduate,No,3276,484.0,135.0,360.0,Semiurban,759,Y
LP002277,Female,No,0,Graduate,No,3180,0.0,71.0,360.0,Urban,460,N
LP002281,Male,Yes,0,Graduate,No,3033,1459.0,95.0,360.0,Urban,666,Y
LP002284,Male,No,0,Not Graduate,No,3902,1666.0,109.0,360.0,Rural,727,Y
LP002287,Female,No,0,Graduate,No,1500,1800.0,103.0,360.0,Semiurban,317,N
LP002288,Male,Yes,2,Not Graduate,No,2889,0.0,45.0,180.0,Urban,580,N
LP002296,Male,No,0,Not Graduate,No,2755,0.0,65.0,300.0,Rural,522,N
LP002297,Male,No,0,Graduate,No,2500,20000.0,103.0,360.0,Semiurban,653,Y
LP002300,Female,No,0,Not Graduate,No,1963,0.0,53.0,360.0,Semiurban,657,Y
LP002301,Female,No,0,Graduate,Yes,7441,0.0,194.0,360.0,Rural,473,N
LP002305,Female,No,0,Graduate,No,4547,0.0,115.0,360.0,Semiurban,623,Y
LP002308,Male,Yes,0,Not Graduate,No,2167,2400.0,115.0,360.0,Urban,713,Y
LP002314,Female,No,0,Not Graduate,No,2213,0.0,66.0,360.0,Rural,631,Y
LP002315,Male,Yes,1,Graduate,No,8300,0.0,152.0,300.0,Semiurban,450,N
LP002317,Male,Yes,3+,Graduate,No,81000,0.0,360.0,360.0,Rural,426,N
LP002318,Female,No,1,Not Graduate,Yes,3867,0.0,62.0,360.0,Semiurban,454,N
LP002319,Male,Yes,0,Graduate,,6256,0.0,160.0,360.0,Urban,833,Y
LP002328,Male,Yes,0,Not Graduate,No,6096,0.0,218.0,360.0,Rural,572,N
LP002332,Male,Yes,0,Not Graduate,No,2253,2033.0,110.0,360.0,Rural,703,Y
LP002335,Female,Yes,0,Not Graduate,No,2149,3237.0,178.0,360.0,Semiurban,598,N
LP002337,Female,No,0,Graduate,No,2995,0.0,60.0,360.0,Urban,845,Y
LP002341,Female,No,1,Graduate,No,2600,0.0,160.0,360.0,Urban,475,N
LP002342,Male,Yes,2,Graduate,Yes,1600,20000.0,239.0,360.0,Urban,338,N
LP002345,Male,Yes,0,Graduate,No,1025,2773.0,112.0,360.0,Rural,820,Y
LP002347,Male,Yes,0,Graduate,No,3246,1417.0,138.0,360.0,Semiurban,769,Y
LP002348,Male,Yes,0,Graduate,No,5829,0.0,138.0,360.0,Rural,846,Y
LP002357,Female,No,0,Not Graduate,No,2720,0.0,80.0,,Urban,325,N
LP002361,Male,Yes,0,Graduate,No,1820,1719.0,100.0,360.0,Urban,698,Y
LP002362,Male,Yes,1,Graduate,No,7250,1667.0,110.0,,Urban,312,N
LP002364,Male,Yes,0,Graduate,No,14880,0.0,96.0,360.0,Semiurban,659,Y
LP002366,Male,Yes,0,Graduate,No,2666,4300.0,121.0,360.0,Rural,849,Y
LP002367,Female,No,1,Not Graduate,No,4606,0.0,81.0,360.0,Rural,335,N
LP002368,Male,Yes,2,Graduate,No,5935,0.0,133.0,360.0,Semiurban,772,Y
LP002369,Male,Yes,0,Graduate,No,2920,16.12000084,87.0,360.0,Rural,619,Y
LP002370,Male,No,0,Not Graduate,No,2717,0.0,60.0,180.0,Urban,664,Y
LP002377,Female,No,1,Graduate,Yes,8624,0.0,150.0,360.0,Semiurban,607,Y
LP002379,Male,No,0,Graduate,No,6500,0.0,105.0,360.0,Rural,441,N
LP002386,Male,No,0,Graduate,,12876,0.0,405.0,360.0,Semiurban,803,Y
LP002387,Male,Yes,0,Graduate,No,2425,2340.0,143.0,360.0,Semiurban,714,Y
LP002390,Male,No,0,Graduate,No,3750,0.0,100.0,360.0,Urban,814,Y
LP002393,Female,,,Graduate,No,10047,0.0,,240.0,Semiurban,742,Y
LP002398,Male,No,0,Graduate,No,1926,1851.0,50.0,360.0,Semiurban,691,Y
LP002401,Male,Yes,0,Graduate,No,2213,1125.0,,360.0,Urban,697,Y
LP002403,Male,No,0,Graduate,Yes,10416,0.0,187.0,360.0,Urban,587,N
LP002407,Female,Yes,0,Not Graduate,Yes,7142,0.0,138.0,360.0,Rural,814,Y
LP002408,Male,No,0,Graduate,No,3660,5064.0,187.0,360.0,Semiurban,790,Y
LP002409,Male,Yes,0,Graduate,No,7901,1833.0,180.0,360.0,Rural,685,Y
LP002418,Male,No,3+,Not Graduate,No,4707,1993.0,148.0,360.0,Semiurban,650,Y
LP002422,Male,No,1,Graduate,No,37719,0.0,152.0,360.0,Semiurban,752,Y
LP002424,Male,Yes,0,Graduate,No,7333,8333.0,175.0,300.0,Rural,785,Y
LP002429,Male,Yes,1,Graduate,Yes,3466,1210.0,130.0,360.0,Rural,662,Y
LP002434,Male,Yes,2,Not Graduate,No,4652,0.0,110.0,360.0,Rural,789,Y
LP002435,Male,Yes,0,Graduate,,3539,1376.0,55.0,360.0,Rural,424,N
LP002443,Male,Yes,2,Graduate,No,3340,1710.0,150.0,360.0,Rural,449,N
LP002444,Male,No,1,Not Graduate,Yes,2769,1542.0,190.0,360.0,Semiurban,357,N
LP002446,Male,Yes,2,Not Graduate,No,2309,1255.0,125.0,360.0,Rural,479,N
LP002447,Male,Yes,2,Not Graduate,No,1958,1456.0,60.0,300.0,Urban,769,Y
LP002448,Male,Yes,0,Graduate,No,3948,1733.0,149.0,360.0,Rural,570,N
LP002449,Male,Yes,0,Graduate,No,2483,2466.0,90.0,180.0,Rural,653,Y
LP002453,Male,No,0,Graduate,Yes,7085,0.0,84.0,360.0,Semiurban,834,Y
LP002455,Male,Yes,2,Graduate,No,3859,0.0,96.0,360.0,Semiurban,787,Y
LP002459,Male,Yes,0,Graduate,No,4301,0.0,118.0,360.0,Urban,700,Y
LP002467,Male,Yes,0,Graduate,No,3708,2569.0,173.0,360.0,Urban,563,N
LP002472,Male,No,2,Graduate,No,4354,0.0,136.0,360.0,Rural,652,Y
LP002473,Male,Yes,0,Graduate,No,8334,0.0,160.0,360.0,Semiurban,359,N
LP002478,,Yes,0,Graduate,Yes,2083,4083.0,160.0,360.0,Semiurban,835,Y
LP002484,Male,Yes,3+,Graduate,No,7740,0.0,128.0,180.0,Urban,707,Y
LP002487,Male,Yes,0,Graduate,No,3015,2188.0,153.0,360.0,Rural,604,Y
LP002489,Female,No,1,Not Graduate,,5191,0.0,132.0,360.0,Semiurban,702,Y
LP002493,Male,No,0,Graduate,No,4166,0.0,98.0,360.0,Semiurban,495,N
LP002494,Male,No,0,Graduate,No,6000,0.0,140.0,360.0,Rural,605,Y
LP002500,Male,Yes,3+,Not Graduate,No,2947,1664.0,70.0,180.0,Urban,346,N
LP002501,,Yes,0,Graduate,No,16692,0.0,110.0,360.0,Semiurban,698,Y
LP002502,Female,Yes,2,Not Graduate,,210,2917.0,98.0,360.0,Semiurban,654,Y
LP002505,Male,Yes,0,Graduate,No,4333,2451.0,110.0,360.0,Urban,443,N
LP002515,Male,Yes,1,Graduate,Yes,3450,2079.0,162.0,360.0,Semiurban,612,Y
LP002517,Male,Yes,1,Not Graduate,No,2653,1500.0,113.0,180.0,Rural,423,N
LP002519,Male,Yes,3+,Graduate,No,4691,0.0,100.0,360.0,Semiurban,705,Y
LP002522,Female,No,0,Graduate,Yes,2500,0.0,93.0,360.0,Urban,757,Y
LP002524,Male,No,2,Graduate,No,5532,4648.0,162.0,360.0,Rural,746,Y
LP002527,Male,Yes,2,Graduate,Yes,16525,1014.0,150.0,360.0,Rural,744,Y
LP002529,Male,Yes,2,Graduate,No,6700,1750.0,230.0,300.0,Semiurban,719,Y
LP002530,,Yes,2,Graduate,No,2873,1872.0,132.0,360.0,Semiurban,574,N
LP002531,Male,Yes,1,Graduate,Yes,16667,2250.0,86.0,360.0,Semiurban,691,Y
LP002533,Male,Yes,2,Graduate,No,2947,1603.0,,360.0,Urban,357,N
LP002534,Female,No,0,Not Graduate,No,4350,0.0,154.0,360.0,Rural,782,Y
LP002536,Male,Yes,3+,Not Graduate,No,3095,0.0,113.0,360.0,Rural,689,Y
LP002537,Male,Yes,0,Graduate,No,2083,3150.0,128.0,360.0,Semiurban,828,Y
LP002541,Male,Yes,0,Graduate,No,10833,0.0,234.0,360.0,Semiurban,817,Y
LP002543,Male,Yes,2,Graduate,No,8333,0.0,246.0,360.0,Semiurban,716,Y
LP002544,Male,Yes,1,Not Graduate,No,1958,2436.0,131.0,360.0,Rural,661,Y
LP002545,Male,No,2,Graduate,No,3547,0.0,80.0,360.0,Rural,578,N
LP002547,Male,Yes,1,Graduate,No,18333,0.0,500.0,360.0,Urban,426,N
LP002555,Male,Yes,2,Graduate,Yes,4583,2083.0,160.0,360.0,Semiurban,736,Y
LP002556,Male,No,0,Graduate,No,2435,0.0,75.0,360.0,Urban,428,N
LP002560,Male,No,0,Not Graduate,No,2699,2785.0,96.0,360.0,Semiurban,657,Y
LP002562,Male,Yes,1,Not Graduate,No,5333,1131.0,186.0,360.0,Urban,721,Y
LP002571,Male,No,0,Not Graduate,No,3691,0.0,110.0,360.0,Rural,600,Y
LP002582,Female,No,0,Not Graduate,Yes,17263,0.0,225.0,360.0,Semiurban,838,Y
LP002585,Male,Yes,0,Graduate,No,3597,2157.0,119.0,360.0,Rural,589,N
LP002586,Female,Yes,1,Graduate,No,3326,913.0,105.0,84.0,Semiurban,695,Y
LP002587,Male,Yes,0,Not Graduate,No,2600,1700.0,107.0,360.0,Rural,725,Y
LP002588,Male,Yes,0,Graduate,No,4625,2857.0,111.0,12.0,Urban,717,Y
LP002600,Male,Yes,1,Graduate,Yes,2895,0.0,95.0,360.0,Semiurban,647,Y
LP002602,Male,No,0,Graduate,No,6283,4416.0,209.0,360.0,Rural,388,N
LP002603,Female,No,0,Graduate,No,645,3683.0,113.0,480.0,Rural,831,Y
LP002606,Female,No,0,Graduate,No,3159,0.0,100.0,360.0,Semiurban,836,Y
LP002615,Male,Yes,2,Graduate,No,4865,5624.0,208.0,360.0,Semiurban,716,Y
LP002618,Male,Yes,1,Not Graduate,No,4050,5302.0,138.0,360.0,Rural,571,N
LP002619,Male,Yes,0,Not Graduate,No,3814,1483.0,124.0,300.0,Semiurban,788,Y
LP002622,Male,Yes,2,Graduate,No,3510,4416.0,243.0,360.0,Rural,830,Y
LP002624,Male,Yes,0,Graduate,No,20833,6667.0,480.0,360.0,Urban,791,Y
LP002625,,No,0,Graduate,No,3583,0.0,96.0,360.0,Urban,368,N
LP002626,Male,Yes,0,Graduate,Yes,2479,3013.0,188.0,360.0,Urban,621,Y
LP002634,Female,No,1,Graduate,No,13262,0.0,40.0,360.0,Urban,692,Y
LP002637,Male,No,0,Not Graduate,No,3598,1287.0,100.0,360.0,Rural,546,N
LP002640,Male,Yes,1,Graduate,No,6065,2004.0,250.0,360.0,Semiurban,794,Y
LP002643,Male,Yes,2,Graduate,No,3283,2035.0,148.0,360.0,Urban,675,Y
LP002648,Male,Yes,0,Graduate,No,2130,6666.0,70.0,180.0,Semiurban,453,N
LP002652,Male,No,0,Graduate,No,5815,3666.0,311.0,360.0,Rural,443,N
LP002659,Male,Yes,3+,Graduate,No,3466,3428.0,150.0,360.0,Rural,778,Y
LP002670,Female,Yes,2,Graduate,No,2031,1632.0,113.0,480.0,Semiurban,828,Y
LP002682,Male,Yes,,Not Graduate,No,3074,1800.0,123.0,360.0,Semiurban,385,N
LP002683,Male,No,0,Graduate,No,4683,1915.0,185.0,360.0,Semiurban,484,N
LP002684,Female,No,0,Not Graduate,No,3400,0.0,95.0,360.0,Rural,584,N
LP002689,Male,Yes,2,Not Graduate,No,2192,1742.0,45.0,360.0,Semiurban,805,Y
LP002690,Male,No,0,Graduate,No,2500,0.0,55.0,360.0,Semiurban,819,Y
LP002692,Male,Yes,3+,Graduate,Yes,5677,1424.0,100.0,360.0,Rural,668,Y
LP002693,Male,Yes,2,Graduate,Yes,7948,7166.0,480.0,360.0,Rural,646,Y
LP002697,Male,No,0,Graduate,No,4680,2087.0,,360.0,Semiurban,393,N
LP002699,Male,Yes,2,Graduate,Yes,17500,0.0,400.0,360.0,Rural,837,Y
LP002705,Male,Yes,0,Graduate,No,3775,0.0,110.0,360.0,Semiurban,789,Y
LP002706,Male,Yes,1,Not Graduate,No,5285,1430.0,161.0,360.0,Semiurban,843,Y
LP002714,Male,No,1,Not Graduate,No,2679,1302.0,94.0,360.0,Semiurban,796,Y
LP002716,Male,No,0,Not Graduate,No,6783,0.0,130.0,360.0,Semiurban,803,Y
LP002717,Male,Yes,0,Graduate,No,1025,5500.0,216.0,360.0,Rural,743,Y
LP002720,Male,Yes,3+,Graduate,No,4281,0.0,100.0,360.0,Urban,817,Y
LP002723,Male,No,2,Graduate,No,3588,0.0,110.0,360.0,Rural,338,N
LP002729,Male,No,1,Graduate,No,11250,0.0,196.0,360.0,Semiurban,399,N
LP002731,Female,No,0,Not Graduate,Yes,18165,0.0,125.0,360.0,Urban,632,Y
LP002732,Male,No,0,Not Graduate,,2550,2042.0,126.0,360.0,Rural,821,Y
LP002734,Male,Yes,0,Graduate,No,6133,3906.0,324.0,360.0,Urban,700,Y
LP002738,Male,No,2,Graduate,No,3617,0.0,107.0,360.0,Semiurban,622,Y
LP002739,Male,Yes,0,Not Graduate,No,2917,536.0,66.0,360.0,Rural,549,N
LP002740,Male,Yes,3+,Graduate,No,6417,0.0,157.0,180.0,Rural,609,Y
LP002741,Female,Yes,1,Graduate,No,4608,2845.0,140.0,180.0,Semiurban,845,Y
LP002743,Female,No,0,Graduate,No,2138,0.0,99.0,360.0,Semiurban,399,N
LP002753,Female,No,1,Graduate,,3652,0.0,95.0,360.0,Semiurban,633,Y
LP002755,Male,Yes,1,Not Graduate,No,2239,2524.0,128.0,360.0,Urban,779,Y
LP002757,Female,Yes,0,Not Graduate,No,3017,663.0,102.0,360.0,Semiurban,822,Y
LP002767,Male,Yes,0,Graduate,No,2768,1950.0,155.0,360.0,Rural,737,Y
LP002768,Male,No,0,Not Graduate,No,3358,0.0,80.0,36.0,Semiurban,549,N
LP002772,Male,No,0,Graduate,No,2526,1783.0,145.0,360.0,Rural,746,Y
LP002776,Female,No,0,Graduate,No,5000,0.0,103.0,360.0,Semiurban,395,N
LP002777,Male,Yes,0,Graduate,No,2785,2016.0,110.0,360.0,Rural,600,Y
LP002778,Male,Yes,2,Graduate,Yes,6633,0.0,,360.0,Rural,303,N
LP002784,Male,Yes,1,Not Graduate,No,2492,2375.0,,360.0,Rural,615,Y
LP002785,Male,Yes,1,Graduate,No,3333,3250.0,158.0,360.0,Urban,623,Y
LP002788,Male,Yes,0,Not Graduate,No,2454,2333.0,181.0,360.0,Urban,546,N
LP002789,Male,Yes,0,Graduate,No,3593,4266.0,132.0,180.0,Rural,557,N
LP002792,Male,Yes,1,Graduate,No,5468,1032.0,26.0,360.0,Semiurban,840,Y
LP002794,Female,No,0,Graduate,No,2667,1625.0,84.0,360.0,Urban,819,Y
LP002795,Male,Yes,3+,Graduate,Yes,10139,0.0,260.0,360.0,Semiurban,727,Y
LP002798,Male,Yes,0,Graduate,No,3887,2669.0,162.0,360.0,Semiurban,759,Y
LP002804,Female,Yes,0,Graduate,No,4180,2306.0,182.0,360.0,Semiurban,818,Y
LP002807,Male,Yes,2,Not Graduate,No,3675,242.0,108.0,360.0,Semiurban,683,Y
LP002813,Female,Yes,1,Graduate,Yes,19484,0.0,600.0,360.0,Semiurban,751,Y
LP002820,Male,Yes,0,Graduate,No,5923,2054.0,211.0,360.0,Rural,739,Y
LP002821,Male,No,0,Not Graduate,Yes,5800,0.0,132.0,360.0,Semiurban,777,Y
LP002832,Male,Yes,2,Graduate,No,8799,0.0,258.0,360.0,Urban,462,N
LP002833,Male,Yes,0,Not Graduate,No,4467,0.0,120.0,360.0,Rural,723,Y
LP002836,Male,No,0,Graduate,No,3333,0.0,70.0,360.0,Urban,632,Y
LP002837,Male,Yes,3+,Graduate,No,3400,2500.0,123.0,360.0,Rural,478,N
LP002840,Female,No,0,Graduate,No,2378,0.0,9.0,360.0,Urban,400,N
LP002841,Male,Yes,0,Graduate,No,3166,2064.0,104.0,360.0,Urban,567,N
LP002842,Male,Yes,1,Graduate,No,3417,1750.0,186.0,360.0,Urban,666,Y
LP002847,Male,Yes,,Graduate,No,5116,1451.0,165.0,360.0,Urban,364,N
LP002855,Male,Yes,2,Graduate,No,16666,0.0,275.0,360.0,Urban,760,Y
LP002862,Male,Yes,2,Not Graduate,No,6125,1625.0,187.0,480.0,Semiurban,467,N
LP002863,Male,Yes,3+,Graduate,No,6406,0.0,150.0,360.0,Semiurban,342,N
LP002868,Male,Yes,2,Graduate,No,3159,461.0,108.0,84.0,Urban,643,Y
LP002872,,Yes,0,Graduate,No,3087,2210.0,136.0,360.0,Semiurban,584,N
LP002874,Male,No,0,Graduate,No,3229,2739.0,110.0,360.0,Urban,740,Y
LP002877,Male,Yes,1,Graduate,No,1782,2232.0,107.0,360.0,Rural,611,Y
LP002888,Male,No,0,Graduate,,3182,2917.0,161.0,360.0,Urban,694,Y
LP002892,Male,Yes,2,Graduate,No,6540,0.0,205.0,360.0,Semiurban,645,Y
LP002893,Male,No,0,Graduate,No,1836,33837.0,90.0,360.0,Urban,552,N
LP002894,Female,Yes,0,Graduate,No,3166,0.0,36.0,360.0,Semiurban,842,Y
LP002898,Male,Yes,1,Graduate,No,1880,0.0,61.0,360.0,Rural,541,N
LP002911,Male,Yes,1,Graduate,No,2787,1917.0,146.0,360.0,Rural,334,N
LP002912,Male,Yes,1,Graduate,No,4283,3000.0,172.0,84.0,Rural,514,N
LP002916,Male,Yes,0,Graduate,No,2297,1522.0,104.0,360.0,Urban,680,Y
LP002917,Female,No,0,Not Graduate,No,2165,0.0,70.0,360.0,Semiurban,689,Y
LP002925,,No,0,Graduate,No,4750,0.0,94.0,360.0,Semiurban,607,Y
LP002926,Male,Yes,2,Graduate,Yes,2726,0.0,106.0,360.0,Semiurban,392,N
LP002928,Male,Yes,0,Graduate,No,3000,3416.0,56.0,180.0,Semiurban,753,Y
LP002931,Male,Yes,2,Graduate,Yes,6000,0.0,205.0,240.0,Semiurban,389,N
LP002933,,No,3+,Graduate,Yes,9357,0.0,292.0,360.0,Semiurban,761,Y
LP002936,Male,Yes,0,Graduate,No,3859,3300.0,142.0,180.0,Rural,714,Y
LP002938,Male,Yes,0,Graduate,Yes,16120,0.0,260.0,360.0,Urban,704,Y
LP002940,Male,No,0,Not Graduate,No,3833,0.0,110.0,360.0,Rural,734,Y
LP002941,Male,Yes,2,Not Graduate,Yes,6383,1000.0,187.0,360.0,Rural,495,N
LP002943,Male,No,,Graduate,No,2987,0.0,88.0,360.0,Semiurban,413,N
LP002945,Male,Yes,0,Graduate,Yes,9963,0.0,180.0,360.0,Rural,836,Y
LP002948,Male,Yes,2,Graduate,No,5780,0.0,192.0,360.0,Urban,674,Y
LP002949,Female,No,3+,Graduate,,416,41667.0,350.0,180.0,Urban,516,N
LP002950,Male,Yes,0,Not Graduate,,2894,2792.0,155.0,360.0,Rural,620,Y
LP002953,Male,Yes,3+,Graduate,No,5703,0.0,128.0,360.0,Urban,848,Y
LP002958,Male,No,0,Graduate,No,3676,4301.0,172.0,360.0,Rural,763,Y
LP002959,Female,Yes,1,Graduate,No,12000,0.0,496.0,360.0,Semiurban,737,Y
LP002960,Male,Yes,0,Not Graduate,No,2400,3800.0,,180.0,Urban,491,N
LP002961,Male,Yes,1,Graduate,No,3400,2500.0,173.0,360.0,Semiurban,826,Y
LP002964,Male,Yes,2,Not Graduate,No,3987,1411.0,157.0,360.0,Rural,776,Y
LP002974,Male,Yes,0,Graduate,No,3232,1950.0,108.0,360.0,Rural,698,Y
LP002978,Female,No,0,Graduate,No,2900,0.0,71.0,360.0,Rural,839,Y
LP002979,Male,Yes,3+,Graduate,No,4106,0.0,40.0,180.0,Rural,635,Y
LP002983,Male,Yes,1,Graduate,No,8072,240.0,253.0,360.0,Urban,809,Y
LP002984,Male,Yes,2,Graduate,No,7583,0.0,187.0,360.0,Urban,840,Y
LP002990,Female,No,0,Graduate,Yes,4583,0.0,133.0,360.0,Semiurban,395,N
